{"cameraMode":{"drawMode":0,"name":"Shaded","section":"Shading Mode"},"sceneLighting":true,"audioPlay":false,"sceneViewState":{"m_AlwaysRefresh":false,"showFog":true,"showSkybox":true,"showFlares":true,"showImageEffects":true,"showParticleSystems":true,"showVisualEffectGraphs":true,"m_FxEnabled":true},"in2DMode":false,"pivot":{"x":253.01663208007813,"y":191.7718505859375,"z":-123.49418640136719},"rotation":{"x":-0.20752038061618806,"y":0.4912727177143097,"z":-0.12179234623908997,"w":-0.8371314406394959},"size":144.26939392089845,"orthographic":false}